{
  "DecimalNum": 1,
  "TagPath": "Local Station/Channel1/Device",
  "Gain": 1.0,
  "Offset": 0.0,
  "Unit": "mil",
  "ValueActive": 60.0,
  "ActiveCheckHeadStraight": true,
  "ArrowSettings": {
    "Sensors": [
      2
    ],
    "DataMax": false,
    "ArrowChooseSensorAddCompareSettings": {
      "Sensors": [],
      "ConditionsValue": 7.0
    },
    "Zones": [
      {
        "FromValue": 0.0,
        "ToValue": 3.4,
        "ZoneName": 1
      },
      {
        "FromValue": 3.5,
        "ToValue": 7.4,
        "ZoneName": 2
      },
      {
        "FromValue": 7.5,
        "ToValue": 12.4,
        "ZoneName": 3
      },
      {
        "FromValue": 12.5,
        "ToValue": 18.4,
        "ZoneName": 4
      },
      {
        "FromValue": 18.5,
        "ToValue": 60.0,
        "ZoneName": 5
      }
    ],
    "S3_S1OrS1_S3": true,
    "CompareValue": -0.5
  },
  "AppleSettings": {
    "Sensors": [
      1,
      2,
      3
    ],
    "DataMax": true,
    "Zones": [
      {
        "FromValue": 0.0,
        "ToValue": 27.0,
        "ZoneName": 1
      },
      {
        "FromValue": 27.1,
        "ToValue": 50.0,
        "ZoneName": 2
      }
    ]
  }
}