{
  "ProjectPath": "D:\\MyCompany\\8.SourceCode\\3.Projects\\202504_Aldila_Measurment\\Aldila_measurment.json",
  "Username": null,
  "Password": null,
  "ParameterContainer": null,
  "Childs": [
    {
  "Name": "Local Station",
  "Description": null,
  "ItemType": "LocalStation",
  "IsReadOnly": true,
  "Enabled": true,
  "CreatedDate": "2025-04-12T14:39:15.8188461+07:00",
  "ModifiedDate": "2025-04-24T23:23:31.1638989+07:00",
  "ParameterContainer": {
  "DisplayName": null,
  "DisplayParameters": null,
  "Parameters": {}
},
  "CommunicationMode": "ReceiveFromServer",
  "StationType": "Local",
  "RemoteAddress": null,
  "Port": 0,
  "ConnectionString": null,
  "RefreshRate": 0,
  "Childs": [
    {
  "Name": "Channel1",
  "Description": null,
  "ItemType": "Channel",
  "IsReadOnly": false,
  "Enabled": true,
  "CreatedDate": "2025-04-12T14:39:39.6106996+07:00",
  "ModifiedDate": "2025-04-24T23:23:31.1638989+07:00",
  "ParameterContainer": {
  "DisplayName": null,
  "DisplayParameters": null,
  "Parameters": {
    "Port": "COM5",
    "ScanRate": "1000",
    "Baudrate": "9600",
    "Parity": "None",
    "StopBits": "One",
    "DelayBetweenPool": "5",
    "MaxWritesCount": "10",
    "DataBits": "8"
  }
},
  "DriverPath": "ModbusRTU",
  "Childs": [
    {
  "Name": "Device",
  "Description": null,
  "ItemType": "Device",
  "IsReadOnly": false,
  "Enabled": true,
  "CreatedDate": "2025-04-12T14:39:53.7512172+07:00",
  "ModifiedDate": "2025-04-25T10:01:41.5044988+07:00",
  "ParameterContainer": {
  "DisplayName": null,
  "DisplayParameters": null,
  "Parameters": {
    "DeviceId": "1",
    "Timeout": "1000",
    "TryReadWriteTimes": "3",
    "ReadMode": "Block",
    "InputContactReadBlockSettings": "[]",
    "OutputCoilsReadBlockSettings": "[]",
    "InputRegisterReadBlockSettings": "[]",
    "HoldingRegisterReadBlockSettings": "[\r\n  {\r\n    \"AddressType\": 4,\r\n    \"Enabled\": true,\r\n    \"StartAddress\": \"400121\",\r\n    \"EndAddress\": \"400126\"\r\n  }\r\n]"
  }
},
  "ByteOrder": "CDAB",
  "Childs": [],
  "HaveTags": true,
  "Tags": [
    {
  "Name": "SENSOR_1",
  "Description": null,
  "ItemType": "Tag",
  "IsReadOnly": false,
  "Enabled": true,
  "CreatedDate": "2025-04-12T14:40:18.2115358+07:00",
  "ModifiedDate": "2025-04-12T14:40:18.2115358+07:00",
  "ParameterContainer": {
  "DisplayName": null,
  "DisplayParameters": null,
  "Parameters": {}
},
  "Address": "400121",
  "DataTypeName": "Float",
  "RefreshRate": 100,
  "ByteOrder": 0,
  "AccessPermission": "ReadAndWrite",
  "Offset": 0.0,
  "Gain": 1.0,
  "IsInternalTag": false,
  "GUID": null,
  "Retain": false,
  "Childs": [],
  "HaveTags": true,
  "Tags": []
},
    {
  "Name": "SENSOR_2",
  "Description": null,
  "ItemType": "Tag",
  "IsReadOnly": false,
  "Enabled": true,
  "CreatedDate": "2025-04-12T14:40:18.2135303+07:00",
  "ModifiedDate": "2025-04-12T14:40:18.2135303+07:00",
  "ParameterContainer": {
  "DisplayName": null,
  "DisplayParameters": null,
  "Parameters": {}
},
  "Address": "400123",
  "DataTypeName": "Float",
  "RefreshRate": 100,
  "ByteOrder": 0,
  "AccessPermission": "ReadAndWrite",
  "Offset": 0.0,
  "Gain": 1.0,
  "IsInternalTag": false,
  "GUID": null,
  "Retain": false,
  "Childs": [],
  "HaveTags": true,
  "Tags": []
},
    {
  "Name": "SENSOR_3",
  "Description": null,
  "ItemType": "Tag",
  "IsReadOnly": false,
  "Enabled": true,
  "CreatedDate": "2025-04-12T14:40:18.2135303+07:00",
  "ModifiedDate": "2025-04-12T14:40:18.2135303+07:00",
  "ParameterContainer": {
  "DisplayName": null,
  "DisplayParameters": null,
  "Parameters": {}
},
  "Address": "400125",
  "DataTypeName": "Float",
  "RefreshRate": 100,
  "ByteOrder": 0,
  "AccessPermission": "ReadAndWrite",
  "Offset": 0.0,
  "Gain": 1.0,
  "IsInternalTag": false,
  "GUID": null,
  "Retain": false,
  "Childs": [],
  "HaveTags": true,
  "Tags": []
}
  ]
}
  ]
}
  ]
}
  ]
}